{
    "eng_model_chr_base": [
        [
            10,
            0.06999076638965836
        ],
        [
            100,
            0.06999076638965836
        ],
        [
            1000,
            0.06999076638965836
        ],
        [
            10000,
            0.06943674976915974
        ],
        [
            100000,
            0.06685133887349953
        ],
        [
            1000000,
            0.06001846722068329
        ],
        [
            10000000,
            0.0494921514312096
        ]
    ],
    "eng_model_lrg_ft": [
        [
            10,
            0.06999076638965836
        ],
        [
            100,
            0.06999076638965836
        ],
        [
            1000,
            0.06980609418282549
        ],
        [
            10000,
            0.06869806094182826
        ],
        [
            100000,
            0.06740535549399815
        ],
        [
            1000000,
            0.06204986149584488
        ],
        [
            10000000,
            0.05133887349953832
        ]
    ],
    "eng_model_chr_ft": [
        [
            10,
            0.06999076638965836
        ],
        [
            100,
            0.06999076638965836
        ],
        [
            1000,
            0.06999076638965836
        ],
        [
            10000,
            0.06999076638965836
        ],
        [
            100000,
            0.06795937211449676
        ],
        [
            1000000,
            0.05964912280701754
        ],
        [
            10000000,
            0.04709141274238227
        ]
    ],
    "eng_model_sml_base": [
        [
            10,
            0.06999076638965836
        ],
        [
            100,
            0.06999076638965836
        ],
        [
            1000,
            0.06999076638965836
        ],
        [
            10000,
            0.06925207756232687
        ],
        [
            100000,
            0.06666666666666667
        ],
        [
            1000000,
            0.057987072945521696
        ],
        [
            10000000,
            0.04727608494921514
        ]
    ],
    "eng_model_lrg_base": [
        [
            10,
            0.06999076638965836
        ],
        [
            100,
            0.06999076638965836
        ],
        [
            1000,
            0.06999076638965836
        ],
        [
            10000,
            0.06943674976915974
        ],
        [
            100000,
            0.06759002770083103
        ],
        [
            1000000,
            0.06297322253000924
        ],
        [
            10000000,
            0.053000923361034166
        ]
    ],
    "eng_model_sml_ft": [
        [
            10,
            0.06999076638965836
        ],
        [
            100,
            0.06999076638965836
        ],
        [
            1000,
            0.06999076638965836
        ],
        [
            10000,
            0.06943674976915974
        ],
        [
            100000,
            0.06740535549399815
        ],
        [
            1000000,
            0.058356417359187444
        ],
        [
            10000000,
            0.047060757156048014
        ]
    ]
}